"File","Q.P.IS","I.S.PA","Q.P.Etizolam","PA"
"220223014",390.645,5430473.16673525,614.076,1375474.76519999
