"File","Q.P.IS","I.S.PA","Q.P.Etizolam","PA"
"220223015",390.35202,5925376.74911507,390.35202,NA
