"File","Q.P.IS","I.S.PA","Q.P.Etizolam","PA"
"220223016",390.64302,5418706.44048229,390.64302,NA
