"File","Q.P.IS","I.S.PA","Q.P.Etizolam","PA"
"220223013",390.35298,5914413.19721536,390.35298,NA
