"File","Q.P.IS","I.S.PA","Q.P.Etizolam","PA"
"220223021",390.63498,5815440.80745036,390.63498,NA
