"File","Q.P.IS","I.S.PA","Q.P.Etizolam","PA"
"220223020",390.64398,5338456.35535007,615.504,6430360.49320001
