"File","Q.P.IS","I.S.PA","Q.P.Etizolam","PA"
"220223007",390.351,5692172.80792004,617.2122,20616008.4951935
