"File","Q.P.IS","I.S.PA","Q.P.Etizolam","PA"
"220223017",390.64998,5670813.53981383,390.64998,NA
