"File","Q.P.IS","I.S.PA","Q.P.Etizolam","PA"
"220223022",367.49298,NA,615.7818,9361991.60180004
