"File","Q.P.IS","I.S.PA","Q.P.Etizolam","PA"
"220223005",390.354,5246817.3156599,615.4998,7800642.53289992
