"File","Q.P.IS","I.S.PA","Q.P.Etizolam","PA"
"220223024",390.36498,5707596.41154994,614.6538,3300825.35160003
