"File","Q.P.IS","I.S.PA","Q.P.Etizolam","PA"
"220223009",390.35802,6083473.25556,390.35802,NA
