"File","Q.P.IS","I.S.PA","Q.P.Etizolam","PA"
"220223010",390.366,5449628.07127923,614.0832,1944533.35809999
