"File","Q.P.IS","I.S.PA","Q.P.Etizolam","PA"
"220223025",390.34998,5623196.44978844,390.34998,NA
