"File","Q.P.IS","I.S.PA","Q.P.Etizolam","PA"
"220223006",390.63798,5584847.96772413,616.356,13887590.3728
