"File","Q.P.IS","I.S.PA","Q.P.Etizolam","PA"
"220223011",390.64002,5988894.48818668,390.64002,NA
