"File","Q.P.IS","I.S.PA","Q.P.Etizolam","PA"
"220223028",367.22202,NA,614.9388,4905649.07380003
