"File","Q.P.IS","I.S.PA","Q.P.Etizolam","PA"
"220223045",383.50602,14854.9084799999,432.93498,NA
