"File","Q.P.IS","I.S.PA","Q.P.Etizolam","PA"
"220223012",390.357,5522860.74138997,616.0752,10611657.5518387
