"File","Q.P.IS","I.S.PA","Q.P.Etizolam","PA"
"220223002",390.651,4773729.15305534,613.797,728085.954000008
