"File","Q.P.IS","I.S.PA","Q.P.Etizolam","PA"
"220223004",390.363,4926090.04240591,614.9382,4421594.01511704
