"File","Q.P.IS","I.S.PA","Q.P.Etizolam","PA"
"220223026",390.35598,5166383.81196126,614.931,4981381.03119999
