"File","Q.P.IS","I.S.PA","Q.P.Etizolam","PA"
"220223008",390.37602,5857962.16397995,617.808,27154588.4948002
