"File","Q.P.IS","I.S.PA","Q.P.Etizolam","PA"
"220223003",390.351,4894456.50469005,614.3538,2456317.95358477
